percentage,outlier,imputation,r2
10,none,none,0.7745720991470604
10,none,drop,0.7743155735077257
10,none,LOCF,0.7786364416967199
10,none,mean,0.7764039155074703
10,none,interpolation,0.7789799072642967
10,none,none,0.7769763581200985
10,none,drop,0.7821375905622876
10,none,LOCF,0.7810407006697578
10,none,mean,0.7774343122102009
10,none,interpolation,0.7817276318049114
10,none,none,0.7735989467055928
10,none,drop,0.778162467141117
10,none,LOCF,0.7812696777148089
10,none,mean,0.7766901368137844
10,none,interpolation,0.7799530597057645
10,none,none,0.7757742286335795
10,none,drop,0.7795729948066937
10,none,LOCF,0.7823573186788024
10,none,mean,0.7800675482282903
10,none,interpolation,0.7775488007327266
10,none,none,0.7797240826607132
10,none,drop,0.7791883054433545
10,none,LOCF,0.7793233728318737
10,none,mean,0.7800675482282903
10,none,interpolation,0.7803537695346041
10,none,none,0.7772625794264125
10,none,drop,0.7778418926716677
10,none,LOCF,0.7822428301562767
10,none,mean,0.7778922663003034
10,none,interpolation,0.7784647089129315
10,none,none,0.7749155647146375
10,none,drop,0.7784830416105661
10,none,LOCF,0.7772625794264125
10,none,mean,0.7794378613543992
10,none,interpolation,0.7803537695346041
10,none,none,0.7777205335165149
10,none,drop,0.778162467141117
10,none,LOCF,0.7820138531112256
10,none,mean,0.7779495105615662
10,none,interpolation,0.780411013795867
