percentage,outlier,imputation,r2
10,z,none,0.7762894269849446
10,z,none,0.7766901368137844
10,z,none,0.7764611597687332
10,z,none,0.7773198236876752
10,z,none,0.7745148548857977
10,z,none,0.7757742286335795
10,z,none,0.7759459614173679
10,z,none,0.7729120155704391
