percentage,outlier,imputation,r2
20,z,none,0.7715953975613945
20,z,none,0.7707367336424523
20,z,none,0.7711946877325547
20,z,none,0.7705077565974011
20,z,none,0.7695918484171962
20,z,none,0.7677600320567862
20,z,none,0.7671303451828955
20,z,none,0.769935313984773
