percentage,outlier,imputation,r2
40,z,none,0.7595168584349419
40,z,none,0.7594023699124163
40,z,none,0.758829927299788
40,z,none,0.7606617436601981
40,z,none,0.7592306371286279
40,z,none,0.762493560020608
40,z,none,0.7580285076421088
40,z,none,0.7607762321827237
