percentage,outlier,imputation,r2
50,z,none,0.7539069208311867
50,z,none,0.7584864617322113
50,z,none,0.7552235388402313
50,z,none,0.7572270879844296
50,z,none,0.7537351880473983
50,z,none,0.7565974011105386
50,z,none,0.7589444158223139
50,z,none,0.7572270879844296
