percentage,outlier,imputation,r2
30,z,none,0.7643826206422806
30,z,none,0.7627225370656591
30,z,none,0.7635239567233385
30,z,none,0.7660427042189021
30,z,none,0.7648405747323831
30,z,none,0.7618066288854543
30,z,none,0.761863873146717
30,z,none,0.7646688419485946
