percentage,outlier,imputation,r2
50,none,none,0.7594596141736791
50,none,none,0.7589444158223139
50,none,none,0.7608334764439865
50,none,none,0.7552235388402313
50,none,none,0.7580285076421088
50,none,none,0.7589444158223139
50,none,none,0.7614631633178773
50,none,none,0.7599175682637817
