percentage,outlier,imputation,r2
10,none,none,0.7771480909038869
10,none,none,0.7761176942011563
10,none,none,0.774743831930849
10,none,none,0.7751445417596886
10,none,none,0.775602495849791
10,none,none,0.7759459614173679
10,none,none,0.776232182723682
10,none,none,0.7758314728948423
