percentage,outlier,imputation,r2
40,none,none,0.765126796038697
40,none,none,0.7624363157593451
40,none,none,0.7640963993359665
40,none,none,0.7625508042818707
40,none,none,0.763981910813441
40,none,none,0.7662144370026904
40,none,none,0.7647260862098575
40,none,none,0.7634667124620756
