percentage,outlier,imputation,r2
30,none,none,0.7643253763810178
30,none,none,0.7698780697235102
30,none,none,0.7677027877955235
30,none,none,0.7664434140477417
30,none,none,0.7650123075161716
30,none,none,0.7673593222279466
30,none,none,0.7678172763180491
30,none,none,0.7709657106875035
