percentage,outlier,imputation,r2
20,none,none,0.7752590302822142
20,none,none,0.7752017860209514
20,none,none,0.773198236876753
20,none,none,0.773827923750644
20,none,none,0.769362871372145
20,none,none,0.7677600320567862
20,none,none,0.7719961073902342
20,none,none,0.7716526418226574
