percentage,outlier,imputation,r2
30,none,none,0.7501311961872212
30,z,none,0.7309489997903289
30,lof,none,0.5065757957162095
30,iforest,none,0.2676014622143908
30,hst,none,0.6162590984727907
