percentage,outlier,imputation,r2
40,none,none,0.753745299121874
40,z,none,0.7380951350768079
40,lof,none,0.4542793516946078
40,iforest,none,0.2640275497452867
40,hst,none,0.5546739512971628
