percentage,outlier,imputation,r2
10,none,none,0.7665228532774779
10,z,none,0.7503948164367618
10,lof,none,0.6659318733079143
10,iforest,none,0.1723892024667785
10,hst,none,0.7203965423073702
10,lof,none,0.6666242198321866
