percentage,outlier,imputation,r2
50,none,none,0.7464965999123474
50,z,none,0.742104358718036
50,lof,none,0.4735994203718675
50,iforest,none,0.2647693366263639
50,hst,none,0.4859184902417859
