percentage,method,precision,recall,f1
20,z,0.999425287356322,0.1255867696974073,0.2231346635016359
20,lof,0.7784991112141587,0.7274499891673286,0.7521093108340178
20,iforest,0.8784469885515181,0.6372499458366433,0.7386572911434789
20,hst,0.9230769230769232,0.2651837943236802,0.4120056100981766
20,z,1.0,0.1154739286468228,0.2070401211203633
20,lof,0.7887345327563957,0.7311237773555697,0.7588372772421853
20,iforest,0.8927072927072927,0.6288086693406516,0.7378720944634821
20,hst,0.9299630086313192,0.2653578214059531,0.4128982809591591
20,z,1.0,0.1165893685337138,0.2088312352226979
20,lof,0.7816323369986061,0.7202283267927221,0.7496750714842734
20,iforest,0.8695904734243393,0.640884766321798,0.7379231022017746
20,hst,0.9292980671414038,0.2607206564395291,0.4071989747590126
20,z,0.9993589743589744,0.1102000424118187,0.1985102183739733
20,lof,0.7834238922476467,0.7236163144129497,0.7523333578305282
20,iforest,0.8695440847671819,0.6322895313494027,0.7321764754031269
20,hst,0.928391959798995,0.2611861171979925,0.4076791526452253
20,z,0.9993585631815266,0.111756688903235,0.2010322580645161
20,lof,0.7794717794717795,0.7261315544078617,0.7518568033273916
20,iforest,0.8629550321199143,0.6359658561078833,0.7322733842659509
20,hst,0.9222222222222224,0.261961121870741,0.4080218982179767
20,z,0.9993552546744036,0.1108013439130745,0.1994851994851994
20,lof,0.7832951945080091,0.7340767746086211,0.7578877449352374
20,iforest,0.8546975670737571,0.6353563514189721,0.7288830572412662
20,hst,0.9287819253438114,0.2703552791479019,0.4188029455733348
20,z,1.0,0.105921241736131,0.1915529564652371
20,lof,0.784425597532768,0.7311008910606496,0.7568251134419399
20,iforest,0.8683618581907091,0.638042540960046,0.7355950457727518
20,hst,0.9287158746208292,0.2640126473124461,0.4111459265890779
20,z,0.999346832135859,0.1091687477702461,0.1968351987649556
20,lof,0.7859600825877495,0.7333571173742419,0.7587479698804075
20,iforest,0.8851351351351351,0.6356047092400999,0.7398978362888825
20,hst,0.9260633036597429,0.2672136996075633,0.41475164737803866
