percentage,outlier,imputation,r2
20,none,none,0.7631047666217711
20,z,none,0.7352435950696024
20,lof,none,0.5791970674775759
20,iforest,none,0.2546247504215406
20,hst,none,0.6738229669234207
